{
  "region": "China",
  "cost_analysis": {
    "years": [
      2010,
      2011,
      2012,
      2013,
      2014,
      2015,
      2016,
      2017,
      2018,
      2019,
      2020,
      2021,
      2022,
      2023,
      2024,
      2025,
      2026,
      2027,
      2028,
      2029,
      2030
    ],
    "ev_costs": [
      48233.55710125883,
      48233.55710125883,
      48233.55710125883,
      48233.55710125883,
      42528.33472121954,
      37497.94464387185,
      33062.56550443639,
      29151.817469381294,
      25703.645461332788,
      22663.33447977418,
      19982.641392824207,
      17619.02942351977,
      15534.993183550803,
      13697.463544206463,
      12077.282901130078,
      10648.742506463444,
      9389.17452685909,
      8278.592354197117,
      7299.373461523639,
      6435.979771824923,
      5674.711102491281
    ],
    "ice_costs": [
      12313.845270355376,
      12706.937112204778,
      13112.5775278536,
      13531.167102324473,
      13963.119208416876,
      14408.860414927987,
      14868.830907905669,
      15343.48492534799,
      15833.291205780559,
      16338.733451153079,
      16860.310804513498,
      17398.538342929678,
      17953.947586147646,
      18527.0870214869,
      19118.522645492583,
      19728.838522877406,
      20358.6373633078,
      21008.541116601897,
      21679.19158692874,
      22371.251066612935,
      23085.402990173567
    ],
    "ev_historical_years": [
      2013,
      2014,
      2015,
      2016,
      2017,
      2018,
      2019,
      2020,
      2021,
      2022,
      2023,
      2024,
      2025
    ],
    "ev_historical_costs": [
      38600.0,
      36750.0,
      35000.0,
      34000.0,
      33000.0,
      33000.0,
      25000.0,
      24000.0,
      23000.0,
      16500.0,
      12000.0,
      9700.0,
      7800.0
    ],
    "ice_historical_years": [
      2010,
      2011,
      2012,
      2013,
      2014,
      2015,
      2016,
      2017,
      2018,
      2019,
      2020,
      2021,
      2022,
      2023,
      2024,
      2025
    ],
    "ice_historical_costs": [
      12000.0,
      12500.0,
      13000.0,
      13500.0,
      14000.0,
      14500.0,
      15000.0,
      15500.0,
      16000.0,
      16500.0,
      17000.0,
      17500.0,
      18000.0,
      18500.0,
      19000.0,
      19500.0
    ],
    "tipping_point": 2022,
    "ev_cagr": -0.10147591421870006,
    "ice_cagr": 0.031922753065267706,
    "current_ev_cost": 12077.282901130078,
    "current_ice_cost": 19118.522645492583,
    "current_cost_gap": 7041.239744362505,
    "years_with_ev_advantage": 9,
    "max_ev_cost_advantage": 17410.691887682286
  },
  "demand_forecast": {
    "years": [
      2005,
      2006,
      2007,
      2008,
      2009,
      2010,
      2011,
      2012,
      2013,
      2014,
      2015,
      2016,
      2017,
      2018,
      2019,
      2020,
      2021,
      2022,
      2023,
      2024,
      2025,
      2026,
      2027,
      2028,
      2029,
      2030,
      2031,
      2032,
      2033,
      2034,
      2035,
      2036,
      2037,
      2038,
      2039,
      2040
    ],
    "market": [
      20691362.937062934,
      20636207.69230768,
      20581052.447552443,
      20525897.20279719,
      20470741.95804195,
      20415586.713286698,
      20360431.46853146,
      20305276.22377622,
      20250120.979020968,
      20194965.73426573,
      20139810.489510477,
      20084655.24475524,
      20029499.999999985,
      19974344.755244747,
      19919189.51048951,
      19864034.265734255,
      19808879.020979017,
      19753723.776223764,
      19698568.531468526,
      19643413.286713272,
      19588258.041958034,
      19533102.797202796,
      19477947.552447543,
      19422792.307692304,
      19367637.06293705,
      19312481.818181813,
      19257326.57342656,
      19202171.32867132,
      19147016.083916083,
      19091860.83916083,
      19036705.59440559,
      18981550.34965034,
      18926395.1048951,
      18871239.860139847,
      18816084.61538461,
      18760929.370629355
    ],
    "bev": [
      11.11712767026962,
      23.432750237511847,
      49.39130145118331,
      104.10552843243794,
      219.42816184669957,
      462.4921555167416,
      974.7786155307614,
      2054.419759590543,
      4329.492136649393,
      9122.491011332666,
      19215.11326601278,
      40445.092926062134,
      85005.3513839084,
      178107.06721865298,
      370777.93188287085,
      761713.7904283575,
      1524029.210385293,
      2901304.65515706,
      5076817.511409724,
      7874803.191908788,
      10652548.655696258,
      12778314.835017078,
      14095770.329151556,
      14799709.670893863,
      15136711.057857972,
      15279285.206915023,
      15324851.528559588,
      15323409.948185217,
      15299506.225016003,
      15264940.653490754,
      15225330.37402302,
      15183336.761153543,
      15140217.96919144,
      15096568.159570783,
      15052667.783117967,
      15008649.183693388
    ],
    "phev": [
      0.0,
      0.0,
      0.0,
      18625.0,
      43930.555555559695,
      69236.11111111194,
      94541.66666667163,
      119847.22222222388,
      145152.77777777612,
      170458.33333333582,
      195763.88888888806,
      221069.44444444776,
      246375.0,
      271680.5555555597,
      296986.11111111194,
      322291.66666667163,
      347597.2222222239,
      372902.7777777761,
      398208.3333333358,
      423513.88888888806,
      448819.44444444776,
      474125.0,
      499430.5555555597,
      524736.1111111119,
      550041.6666666716,
      575347.2222222239,
      600652.7777777761,
      625958.3333333358,
      651263.8888888881,
      676569.4444444478,
      701875.0,
      727180.5555555597,
      752486.1111111119,
      777791.6666666716,
      803097.2222222239,
      828402.7777777761
    ],
    "ice": [
      20691351.819935262,
      20636184.259557445,
      20581003.056250993,
      20507168.097268756,
      20426591.974324543,
      20345888.110020068,
      20264915.023249257,
      20183374.581794407,
      20100638.709106542,
      20015384.90992106,
      19924831.487355575,
      19823140.707384728,
      19698119.648616076,
      19524557.132470533,
      19251425.467495527,
      18780028.808639225,
      17937252.5883715,
      16479516.343288928,
      14223542.686725466,
      11345096.205915596,
      8486889.941817328,
      6280662.962185718,
      4882746.667740427,
      4098346.5256873295,
      3680884.338412408,
      3457849.389044566,
      3331822.2670891955,
      3252803.047152769,
      3196245.9700111914,
      3150350.741225628,
      3109500.220382571,
      3071033.032941235,
      3033691.0245925486,
      2996880.033902392,
      2960319.610044418,
      2923877.4091581907
    ],
    "ev": [
      11.11712767026962,
      23.432750237511847,
      49.39130145118331,
      18729.10552843244,
      44149.983717406394,
      69698.60326662868,
      95516.44528220239,
      121901.64198181442,
      149482.2699144255,
      179580.82434466848,
      214979.00215490084,
      261514.53737050988,
      331380.3513839084,
      449787.6227742127,
      667764.0429939828,
      1084005.4570950293,
      1871626.4326075169,
      3274207.432934836,
      5475025.84474306,
      8298317.080797676,
      11101368.100140706,
      13252439.835017078,
      14595200.884707116,
      15324445.782004975,
      15686752.724524643,
      15854632.429137247,
      15925504.306337364,
      15949368.281518552,
      15950770.113904892,
      15941510.097935202,
      15927205.37402302,
      15910517.316709103,
      15892704.080302551,
      15874359.826237455,
      15855765.00534019,
      15837051.961471165
    ],
    "validation": {
      "is_valid": true,
      "message": "Validation passed"
    },