{
  "region": "China",
  "cost_analysis": {
    "years": [
      2010,
      2011,
      2012,
      2013,
      2014,
      2015,
      2016,
      2017,
      2018,
      2019,
      2020,
      2021,
      2022,
      2023,
      2024,
      2025,
      2026,
      2027,
      2028,
      2029,
      2030,
      2031,
      2032,
      2033,
      2034,
      2035,
      2036,
      2037,
      2038,
      2039,
      2040
    ],
    "ev_costs": [
      48233.55710125883,
      48233.55710125883,
      48233.55710125883,
      48233.55710125883,
      42528.33472121954,
      37497.94464387185,
      33062.56550443639,
      29151.817469381294,
      25703.645461332788,
      22663.33447977418,
      19982.641392824207,
      17619.02942351977,
      15534.993183550803,
      13697.463544206463,
      12077.282901130078,
      10648.742506463444,
      9389.17452685909,
      8278.592354197117,
      7299.373461523639,
      6435.979771824923,
      5674.711102491281,
      5003.487773176582,
      4411.658927506915,
      3889.833527122727,
      3429.731336297715,
      3024.0515325816186,
      2666.3568586048054,
      2350.9714767853743,
      2072.8909061147965,
      1827.7026119129278,
      1611.5159884869274
    ],
    "ice_costs": [
      12313.845270355376,
      12706.937112204778,
      13112.5775278536,
      13531.167102324473,
      13963.119208416876,
      14408.860414927987,
      14868.830907905669,
      15343.48492534799,
      15833.291205780559,
      16338.733451153079,
      16860.310804513498,
      17398.538342929678,
      17953.947586147646,
      18527.0870214869,
      19118.522645492583,
      19728.838522877406,
      20358.6373633078,
      21008.541116601897,
      21679.19158692874,
      22371.251066612935,
      23085.402990173567,
      23822.35260924094,
      24582.82768901952,
      25367.57922698216,
      26177.382194508773,
      27013.036302199067,
      27875.366789617332,
      28765.225240245894,
      29683.490422457122,
      30631.069157328515,
      31608.897214163106
    ],
    "ev_historical_years": [
      2013,
      2014,
      2015,
      2016,
      2017,
      2018,
      2019,
      2020,
      2021,
      2022,
      2023,
      2024,
      2025
    ],
    "ev_historical_costs": [
      38600.0,
      36750.0,
      35000.0,
      34000.0,
      33000.0,
      33000.0,
      25000.0,
      24000.0,
      23000.0,
      16500.0,
      12000.0,
      9700.0,
      7800.0
    ],
    "ice_historical_years": [
      2010,
      2011,
      2012,
      2013,
      2014,
      2015,
      2016,
      2017,
      2018,
      2019,
      2020,
      2021,
      2022,
      2023,
      2024,
      2025
    ],
    "ice_historical_costs": [
      12000.0,
      12500.0,
      13000.0,
      13500.0,
      14000.0,
      14500.0,
      15000.0,
      15500.0,
      16000.0,
      16500.0,
      17000.0,
      17500.0,
      18000.0,
      18500.0,
      19000.0,
      19500.0
    ],
    "tipping_point": 2022,
    "ev_cagr": -0.10711366265695244,
    "ice_cagr": 0.031922753065267484,
    "current_ev_cost": 12077.282901130078,
    "current_ice_cost": 19118.522645492583,
    "current_cost_gap": 7041.239744362505,
    "years_with_ev_advantage": 19,
    "max_ev_cost_advantage": 29997.381225676178
  },
  "demand_forecast": {
    "years": [
      2005,
      2006,
      2007,
      2008,
      2009,
      2010,
      2011,
      2012,
      2013,
      2014,
      2015,
      2016,
      2017,
      2018,
      2019,
      2020,
      2021,
      2022,
      2023,
      2024,
      2025,
      2026,
      2027,
      2028,
      2029,
      2030,
      2031,
      2032,
      2033,
      2034,
      2035,
      2036,
      2037,
      2038,
      2039,
      2040
    ],
    "market": [
      20691362.937062934,
      20636207.69230768,
      20581052.447552443,
      20525897.20279719,
      20470741.95804195,
      20415586.713286698,
      20360431.46853146,
      20305276.22377622,
      20250120.979020968,
      20194965.73426573,
      20139810.489510477,
      20084655.24475524,
      20029499.999999985,
      19974344.755244747,
      19919189.51048951,
      19864034.265734255,
      19808879.020979017,
      19753723.776223764,
      19698568.531468526,
      19643413.286713272,
      19588258.041958034,
      19533102.797202796,
      19477947.552447543,
      19422792.307692304,
      19367637.06293705,
      19312481.818181813,
      19257326.57342656,
      19202171.32867132,
      19147016.083916083,
      19091860.83916083,
      19036705.59440559,
      18981550.34965034,
      18926395.1048951,
      18871239.860139847,
      18816084.61538461,
      18760929.370629355
    ],
    "bev": [
      267.1645209567193,
      468.86104566566974,
      822.8168585070771,
      1443.9541318122956,
      2533.9057661208044,
      4446.381695873078,
      7801.692730573462,
      13687.155574483744,
      24007.029747005323,
      42091.24938572911,
      73747.24987381064,
      129055.72314610527,
      225370.5073169948,
      392131.68242904247,
      678001.8399497176,
      1159761.4308624645,
      1948689.851321508,
      3181711.214476014,
      4974437.806735398,
      7323839.940156664,
      10014783.88818521,
      12657127.517009063,
      14883159.75801071,
      16523775.319873497,
      17611681.703026306,
      18276895.65371337,
      18656585.75761933,
      18857106.11473829,
      18949952.927492734,
      18979695.749067534,
      18972985.662094466,
      18945391.519108776,
      18905889.194113478,
      18859615.048002396,
      18809495.889501702,
      18757195.464879245
    ],
    "phev": [
      0.0,
      0.0,
      0.0,
      18625.0,
      43930.555555559695,
      69236.11111111194,
      94541.66666667163,
      119847.22222222388,
      145152.77777777612,
      170458.33333333582,
      195763.88888888806,
      221069.44444444776,
      246375.0,
      271680.5555555597,
      296986.11111111194,
      322291.66666667163,
      347597.2222222239,
      372902.7777777761,
      398208.3333333358,
      423513.88888888806,
      448819.44444444776,
      474125.0,
      499430.5555555597,
      524736.1111111119,
      550041.6666666716,
      575347.2222222239,
      600652.7777777761,
      625958.3333333358,
      651263.8888888881,
      676569.4444444478,
      701875.0,
      727180.5555555597,
      752486.1111111119,
      777791.6666666716,
      803097.2222222239,
      828402.7777777761
    ],
    "ice": [
      20691095.772541977,
      20635738.831262015,
      20580229.630693935,
      20505828.248665377,
      20424277.49672027,
      20341904.220479712,
      20258088.109134216,
      20171741.845979515,
      20080961.171496186,
      19982416.151546665,
      19870299.35074778,
      19734530.077164683,
      19557754.49268299,
      19310532.517260145,
      18944201.55942868,
      18381981.16820512,
      17512591.947435286,
      16199109.783969974,
      14325922.391399791,
      11896059.45766772,
      9124654.709328376,
      6401850.280193733,
      4095357.238881273,
      2374280.8767076954,
      1205913.6932440735,
      460238.9422462173,
      88.0380294546485,
      0.0,
      0.0,
      0.0,
      0.0,
      0.0,
      0.0,
      0.0,
      0.0,
      0.0
    ],