{
  "region": "USA",
  "cost_analysis": {
    "years": [
      2010,
      2011,
      2012,
      2013,
      2014,
      2015,
      2016,
      2017,
      2018,
      2019,
      2020,
      2021,
      2022,
      2023,
      2024,
      2025,
      2026,
      2027,
      2028,
      2029,
      2030
    ],
    "ev_costs": [
      107936.37148558187,
      97184.66013092251,
      87503.94361760217,
      78787.53846869906,
      70939.38811585023,
      63873.00433622079,
      57510.51413457743,
      51781.80156695484,
      46623.735048601855,
      41979.47163100454,
      37797.83058095346,
      34032.729358396486,
      30642.67577741528,
      27590.310753849608,
      24841.996600539656,
      22367.446333134107,
      20139.389901323462,
      18133.273667307796,
      16326.989819680195,
      14700.632740823672,
      13236.279642930764
    ],
    "ice_costs": [
      22231.641751085044,
      22659.76486281741,
      23096.132502814846,
      23540.90343906843,
      23994.239497024348,
      24456.305618461935,
      24927.269921507104,
      25407.303761799954,
      25896.581794840236,
      26395.282039535094,
      26903.58594296893,
      27421.678446420523,
      27949.748052653402,
      28487.986894499125,
      29036.590804764273,
      29595.759387481667,
      30165.69609053365,
      30746.60827967582,
      31338.70731398436,
      31942.208622756254,
      32557.331783892394
    ],
    "ev_historical_years": [
      2010,
      2011,
      2012,
      2013,
      2014,
      2015,
      2016,
      2017,
      2018,
      2019,
      2020,
      2021,
      2022,
      2023,
      2024,
      2025
    ],
    "ev_historical_costs": [
      109000.0,
      105000.0,
      85000.0,
      80000.0,
      80000.0,
      75000.0,
      75000.0,
      37000.0,
      36620.0,
      36000.0,
      36000.0,
      31000.0,
      26595.0,
      27800.0,
      29000.0,
      28000.0
    ],
    "ice_historical_years": [
      2010,
      2011,
      2012,
      2013,
      2014,
      2015,
      2016,
      2017,
      2018,
      2019,
      2020,
      2021,
      2022,
      2023,
      2024,
      2025
    ],
    "ice_historical_costs": [
      22000.0,
      22500.0,
      23000.0,
      23500.0,
      24000.0,
      24500.0,
      25000.0,
      25500.0,
      26000.0,
      26500.0,
      27000.0,
      27500.0,
      28000.0,
      28500.0,
      29000.0,
      29500.0
    ],
    "tipping_point": 2023,
    "ev_cagr": -0.09961156935960425,
    "ice_cagr": 0.01925737723402121,
    "current_ev_cost": 24841.996600539656,
    "current_ice_cost": 29036.590804764273,
    "current_cost_gap": 4194.594204224617,
    "years_with_ev_advantage": 8,
    "max_ev_cost_advantage": 19321.05214096163
  },
  "demand_forecast": {
    "years": [
      2005,
      2006,
      2007,
      2008,
      2009,
      2010,
      2011,
      2012,
      2013,
      2014,
      2015,
      2016,
      2017,
      2018,
      2019,
      2020,
      2021,
      2022,
      2023,
      2024,
      2025,
      2026,
      2027,
      2028,
      2029,
      2030,
      2031,
      2032,
      2033,
      2034,
      2035,
      2036,
      2037,
      2038,
      2039,
      2040
    ],
    "market": [
      17235127.53787881,
      17023520.25,
      16811912.96212125,
      16600305.674242437,
      16388698.386363685,
      16177091.098484874,
      15965483.810606062,
      15753876.52272731,
      15542269.2348485,
      15330661.946969748,
      15119054.659090936,
      14907447.371212125,
      14695840.083333373,
      14484232.795454562,
      14272625.50757581,
      14061018.219696999,
      13849410.931818187,
      13637803.643939435,
      13426196.356060624,
      13214589.068181872,
      13002981.780303061,
      12791374.49242425,
      12579767.204545498,
      12368159.916666687,
      12156552.628787935,
      11944945.340909123,
      11733338.053030312,
      11521730.76515156,
      11310123.477272749,
      11098516.189393938,
      10886908.901515186,
      10675301.613636374,
      10463694.325757623,
      10252087.037878811,
      10040479.75,
      9828872.462121248
    ],
    "bev": [
      12.752272138488593,
      22.75423931214942,
      40.5947340323789,
      72.41154240553377,
      129.14406993982942,
      230.28581654400023,
      410.56584094503785,
      731.8416308146539,
      1304.2593705318875,
      2323.881123652522,
      4139.534233587786,
      7371.408348582651,
      13120.952497238985,
      23340.80943062596,
      41481.98389502193,
      73610.8746046872,
      130289.87371994878,
      229596.09120051647,
      401517.1972249051,
      693018.8474937067,
      1170037.3226697575,
      1906352.1899883004,
      2944473.7420043014,
      4231290.947778102,
      5586373.64431696,
      6776694.978632975,
      7649950.2664542645,
      8188355.367667445,
      8459606.217665501,
      8549585.756481724,
      8527747.678389965,
      8440644.389616666,
      8316633.233167575,
      8172121.864268859,
      8016339.31778685,
      7854395.907164624
    ],
    "phev": [
      250.0,
      5300.0,
      10350.0,
      15400.0,
      20450.0,
      25500.0,
      30550.0,
      35600.0,
      40650.0,
      45700.0,
      50750.0,
      55800.0,
      60850.0,
      65900.0,
      70950.0,
      76000.0,
      81050.0,
      86100.0,
      91150.0,
      96200.0,
      101250.0,
      106300.0,
      111350.0,
      116400.0,
      121450.0,
      126500.0,
      131550.0,
      136600.0,
      141650.0,
      146700.0,
      151750.0,
      156800.0,
      161850.0,
      166900.0,
      171950.0,
      177000.0
    ],
    "ice": [
      17234864.78560667,
      17018197.495760687,
      16801522.367387217,
      16584833.26270003,
      16368119.242293745,
      16151360.81266833,
      15934523.244765118,
      15717544.681096496,
      15500314.975477967,
      15282638.065846095,
      15064165.12485735,
      14844275.962863542,
      14621869.130836135,
      14394991.986023936,
      14160193.523680788,
      13911407.345092312,
      13638071.058098238,
      13322107.55273892,
      12933529.158835718,
      12425370.220688166,
      11731694.457633303,
      10778722.30243595,
      9523943.462541196,
      8020468.9688885845,
      6448728.984470975,
      5041750.362276148,
      3951837.7865760475,
      3196775.3974841153,
      2708867.259607248,
      2402230.4329122137,
      2207411.223125221,
      2077857.224019708,
      1985211.092590048,
      1913065.1736099524,
      1852190.43221315,
      1797476.5549566243
    ],
    "ev": [
      262.7522721384886,
      5322.754239312149,
      10390.594734032378,
      15472.411542405534,
      20579.14406993983,
      25730.285816544,
      30960.565840945037,
      36331.841630814655,
      41954.25937053189,
      48023.88112365252,
      54889.53423358779,
      63171.40834858265,
      73970.95249723899,
      89240.80943062596,
      112431.98389502193,
      149610.8746046872,
      211339.87371994878,
      315696.09120051644,
      492667.1972249051,
      789218.8474937067,
      1271287.3226697575,
      2012652.1899883004,
      3055823.7420043014,
      4347690.947778102,
      5707823.64431696,
      6903194.978632975,
      7781500.2664542645,
      8324955.367667445,
      8601256.217665501,
      8696285.756481724,
      8679497.678389965,
      8597444.389616666,
      8478483.233167574,
      8339021.864268859,
      8188289.31778685,
      8031395.907164624
    ],
    "validation": {
      "is_valid": true,
      "message": "Validation passed"
    },