{
  "region": "USA",
  "cost_analysis": {
    "years": [
      2010,
      2011,
      2012,
      2013,
      2014,
      2015,
      2016,
      2017,
      2018,
      2019,
      2020,
      2021,
      2022,
      2023,
      2024,
      2025,
      2026,
      2027,
      2028,
      2029,
      2030,
      2031,
      2032,
      2033,
      2034,
      2035,
      2036,
      2037,
      2038,
      2039,
      2040
    ],
    "ev_costs": [
      107936.37148558187,
      97184.66013092251,
      87503.94361760217,
      78787.53846869906,
      70939.38811585023,
      63873.00433622079,
      57510.51413457743,
      51781.80156695484,
      46623.735048601855,
      41979.47163100454,
      37797.83058095346,
      34032.729358396486,
      30642.67577741528,
      27590.310753849608,
      24841.996600539656,
      22367.446333134107,
      20139.389901323462,
      18133.273667307796,
      16326.989819680195,
      14700.632740823672,
      13236.279642930764,
      11917.793055215932,
      10730.642985682956,
      9661.746797641517,
      8699.32503637313,
      7832.77161713076,
      7052.53694391305,
      6350.022670963329,
      5717.486947239484,
      5147.959099631942,
      4635.162814718582
    ],
    "ice_costs": [
      22231.641751085044,
      22659.76486281741,
      23096.132502814846,
      23540.90343906843,
      23994.239497024348,
      24456.305618461935,
      24927.269921507104,
      25407.303761799954,
      25896.581794840236,
      26395.282039535094,
      26903.58594296893,
      27421.678446420523,
      27949.748052653402,
      28487.986894499125,
      29036.590804764273,
      29595.759387481667,
      30165.69609053365,
      30746.60827967582,
      31338.70731398436,
      31942.208622756254,
      32557.331783892394,
      33184.30060378815,
      33823.34319876237,
      34474.69207805686,
      35138.58422843064,
      35815.26120038686,
      36504.969196057886,
      37207.95915878261,
      37924.486864411236,
      38654.81301436607,
      39399.203330494165
    ],
    "ev_historical_years": [
      2010,
      2011,
      2012,
      2013,
      2014,
      2015,
      2016,
      2017,
      2018,
      2019,
      2020,
      2021,
      2022,
      2023,
      2024,
      2025
    ],
    "ev_historical_costs": [
      109000.0,
      105000.0,
      85000.0,
      80000.0,
      80000.0,
      75000.0,
      75000.0,
      37000.0,
      36620.0,
      36000.0,
      36000.0,
      31000.0,
      26595.0,
      27800.0,
      29000.0,
      28000.0
    ],
    "ice_historical_years": [
      2010,
      2011,
      2012,
      2013,
      2014,
      2015,
      2016,
      2017,
      2018,
      2019,
      2020,
      2021,
      2022,
      2023,
      2024,
      2025
    ],
    "ice_historical_costs": [
      22000.0,
      22500.0,
      23000.0,
      23500.0,
      24000.0,
      24500.0,
      25000.0,
      25500.0,
      26000.0,
      26500.0,
      27000.0,
      27500.0,
      28000.0,
      28500.0,
      29000.0,
      29500.0
    ],
    "tipping_point": 2023,
    "ev_cagr": -0.0996115693596038,
    "ice_cagr": 0.01925737723402121,
    "current_ev_cost": 24841.996600539656,
    "current_ice_cost": 29036.590804764273,
    "current_cost_gap": 4194.594204224617,
    "years_with_ev_advantage": 18,
    "max_ev_cost_advantage": 34764.04051577558
  },
  "demand_forecast": {
    "years": [
      2005,
      2006,
      2007,
      2008,
      2009,
      2010,
      2011,
      2012,
      2013,
      2014,
      2015,
      2016,
      2017,
      2018,
      2019,
      2020,
      2021,
      2022,
      2023,
      2024,
      2025,
      2026,
      2027,
      2028,
      2029,
      2030,
      2031,
      2032,
      2033,
      2034,
      2035,
      2036,
      2037,
      2038,
      2039,
      2040
    ],
    "market": [
      17235127.53787881,
      17023520.25,
      16811912.96212125,
      16600305.674242437,
      16388698.386363685,
      16177091.098484874,
      15965483.810606062,
      15753876.52272731,
      15542269.2348485,
      15330661.946969748,
      15119054.659090936,
      14907447.371212125,
      14695840.083333373,
      14484232.795454562,
      14272625.50757581,
      14061018.219696999,
      13849410.931818187,
      13637803.643939435,
      13426196.356060624,
      13214589.068181872,
      13002981.780303061,
      12791374.49242425,
      12579767.204545498,
      12368159.916666687,
      12156552.628787935,
      11944945.340909123,
      11733338.053030312,
      11521730.76515156,
      11310123.477272749,
      11098516.189393938,
      10886908.901515186,
      10675301.613636374,
      10463694.325757623,
      10252087.037878811,
      10040479.75,
      9828872.462121248
    ],
    "bev": [
      380.53410579108623,
      580.2960471302356,
      884.7808042214925,
      1348.8031848827245,
      2055.8155077105116,
      3132.830121021282,
      4773.084518157108,
      7270.43225808107,
      11071.452207628525,
      16854.240990987008,
      25647.1834031889,
      39007.1448020144,
      59284.887044532064,
      90015.96322391617,
      136486.18040229622,
      206526.05302612053,
      311573.06947904034,
      467969.2210133426,
      698266.3659063339,
      1031889.6256505307,
      1503778.39894968,
      2148771.8460638295,
      2989505.132590945,
      4018500.081459663,
      5182277.36625531,
      6381972.166033924,
      7499351.968897384,
      8436635.366948243,
      9144298.561916783,
      9622372.180274272,
      9902933.85457794,
      10029815.672174353,
      10044981.182810495,
      9982571.671206983,
      9867919.671417106,
      9718794.406736596
    ],
    "phev": [
      250.0,
      5300.0,
      10350.0,
      15400.0,
      20450.0,
      25500.0,
      30550.0,
      35600.0,
      40650.0,
      45700.0,
      50750.0,
      55800.0,
      60850.0,
      65900.0,
      70950.0,
      76000.0,
      81050.0,
      86100.0,
      91150.0,
      96200.0,
      101250.0,
      106300.0,
      111350.0,
      116400.0,
      121450.0,
      126500.0,
      131550.0,
      136600.0,
      141650.0,
      146700.0,
      151750.0,
      156800.0,
      161850.0,
      166900.0,
      171950.0,
      177000.0
    ],
    "ice": [
      17234497.00377302,
      17017639.95395287,
      16800678.181317028,
      16583556.871057555,
      16366192.570855975,
      16148458.268363852,
      15930160.726087905,
      15711006.09046923,
      15490547.78264087,
      15268107.70597876,
      15042657.475687748,
      14812640.22641011,
      14575705.19628884,
      14328316.832230646,
      14065189.327173514,
      13778492.166670877,
      13456787.862339146,
      13083734.422926093,
      12636779.99015429,
      12086499.442531342,
      11397953.381353382,
      10536302.64636042,
      9478912.071954552,
      8233259.835207024,
      6852825.262532624,
      5436473.1748752,
      4102436.0841329284,
      2948495.398203317,
      2024174.9153559655,
      1329444.0091196653,
      832225.0469372459,
      488685.9414620213,
      256863.14294712804,
      102615.36667182855,
      610.078582894057,
      0.0
    ],